session_id,empathy_score
101,3.0
102,3.6666666666666665
103,3.6666666666666665
104,4.0
105,2.6666666666666665
106,3.0
107,3.5
108,4.0
109,2.0
110,4.0
111,4.0
112,4.0
113,3.0
114,2.6666666666666665
115,2.0
116,4.0
119,3.0
120,2.0
121,4.0
122,4.0
123,3.3333333333333335
124,2.0
125,3.3333333333333335
126,4.0
127,2.0
128,2.0
129,2.0
130,4.0
131,3.3333333333333335
132,4.0
133,3.0
134,4.0
135,3.0
136,2.3333333333333335
137,4.0
138,3.6666666666666665
140,3.6666666666666665
